1,データを目的に応じて整理し、価値を付加したものを何というか。,データ,情報,知識,知恵,2,事実や事柄を数字や文字で表した生の「データ」を目的に応じて整理したものが「情報」です。情報を分析・蓄積したものが「知識」です。,01 情報と情報社会
2,有名人の氏名や肖像が持つ顧客吸引力を独占的に利用できる権利を何というか。,著作権,パブリシティ権,肖像権,商標権,2,有名人の名前や写真を無断で商品化したり宣伝に使用したりできないように保護する権利は「パブリシティ権」です。,05 知的財産権の概要と産業財産権
3,不正アクセス禁止法で禁止されている「なりすまし」の行為として最も適当なものはどれか。,他人のIDやパスワードを無断で入力してログインする行為,プログラムの欠陥を突いてコンピュータに侵入する行為,偽のWebサイトに誘導して暗証番号を入力させる行為,コンピュータウイルスを作成してばらまく行為,1,他人の識別符号（IDやパスワード）を不正に入力して利用できる状態にする行為を「なりすまし」といいます。,03 法規による安全対策
4,送信者と受信者が異なる鍵を使い、インターネット上の暗号通信などに用いられる方式はどれか。,共通鍵暗号方式,公開鍵暗号方式,シーザー暗号,生体認証方式,2,暗号化には公開鍵、復号には秘密鍵というように、異なる鍵のペアを使用する方式を公開鍵暗号方式といいます。,26 安全のための情報技術
5,服のサイズや5段階の成績評価など、大小関係には意味があるが間隔が等しいとは限らない尺度はどれか。,名義尺度,順序尺度,間隔尺度,比例尺度,2,順序尺度とは、大小関係や順位には意味があるものの、その間隔が等しいとは限らない尺度のことです。,29 統計量とデータの尺度
6,気温のように、等間隔であることに意味はあるが、絶対的なゼロ（無）を持たない尺度はどれか。,名義尺度,順序尺度,間隔尺度,比例尺度,3,間隔尺度は値の差（間隔）に意味がある尺度です。一方で、身長や質量のように絶対的なゼロを持ち比率に意味があるものは比例尺度です。,29 統計量とデータの尺度
7,表計算ソフトウェアにおいて、数式をコピーしても参照先のセルA1がずれないようにする絶対参照の正しい記述はどれか。,A1,#A#1,$A$1,&A&1,3,列番号と行番号の前に「$」記号をつけることで、セルを固定する絶対参照になります。,28 ソフトウェアを利用したデータの処理
8,現実の複雑な事象から本質的な部分だけを残して単純化・抽象化することを何というか。,シミュレーション,モデル化,アルゴリズム,フローチャート,2,問題解決のために、不要な要素を省き、重要な要素間の関係性を数式や図で表すことをモデル化といいます。,33 モデル化とシミュレーション
9,ユニバーサルデザインの原則「誰にでも公平に使えること」に該当する例はどれか。,段差のない歩道や自動ドア,外国語のみで書かれた標識,階段のみで構成された入り口,複雑な操作が必要な機器,1,車いすやベビーカーを利用する人を含め、誰でも公平に利用できる設計の代表例が段差のない歩道です。,01 情報と情報社会
10,メディアの特性のうち、電話やビデオ会議のように双方が同時に発信と受信を行う形態を何というか。,同期型,非同期型,蓄積型,一方向型,1,発信と受信が同時に行われるコミュニケーション形態を「同期型」といいます。メールなどは「非同期型」です。,07 コミュニケーションとメディア
11,非常口のマークなど、情報を抽象化して単純な構図と明瞭な色で表された視覚記号を何というか。,ピクトグラム,アイコン,ロゴマーク,インフォグラフィック,1,言葉の壁を越えて誰にでも直感的に意味が伝わるようにデザインされた図記号をピクトグラムといいます。,02章 章末問題
12,コンビニなどのレジで導入されているPOSシステムの目的として最も適当なものはどれか。,売れ筋商品の把握や在庫管理の効率化,仕入れ資金の自動調達,従業員の採用と配置,顧客の個人情報の無断収集,1,POSシステムは、いつ・何が・いくつ売れたかという販売情報を即座に集計し、在庫管理やマーケティングに活用するシステムです。,22 情報システム
13,音や画像をデジタル化する際、「標本化」「量子化」に続いて行われ、数値を0と1のデータにする手順を何というか。,暗号化,符号化,圧縮化,復号化,2,量子化によって得られた数値を、コンピュータが扱えるように2進数の「0と1」の組み合わせに変換する作業を符号化といいます。,13 音の表現
14,10進数の「13」を2進数で表すとどれになるか。,1100,1101,1011,1111,2,13を2で割り続けると、商が6余り1、商が3余り0、商が1余り1となります。下から余りを並べると「1101」になります。,12 数値と文字の表現
15,コンピュータ内で無限に続く小数を扱う際、途中の桁で四捨五入や切り捨てをすることによって生じる誤差を何というか。,桁落ち誤差,情報落ち誤差,丸め誤差,打ち切り誤差,3,定められた有限の桁数に収めるために、端数処理を行うことで生じる誤差を丸め誤差といいます。,13 演算の仕組み
16,論理回路において、二つの入力が共に「1」のときのみ出力が「1」となる回路はどれか。,AND回路,OR回路,NOT回路,NAND回路,1,AND回路（論理積回路）は、すべての入力が1（真）のときにだけ1（真）を出力します。,13 演算の仕組み
17,1桁の2進数同士の加算を行い、その和と桁上がりを出力する論理回路を何というか。,全加算回路,半加算回路,AND回路,NOT回路,2,下位からの桁上がりを考慮せずに2つの入力を加算する回路を半加算回路（ハーフアダー）といいます。,13 演算の仕組み
18,人間の可聴域の上限である約20000Hzの音をデジタル化して再現するためには、標本化定理によると最低でも約何Hzの標本化周波数が必要か。,10000Hz,20000Hz,40000Hz,80000Hz,3,標本化定理により、元のアナログ波形を再現するには最大周波数の「2倍より大きい」標本化周波数が必要です。したがって約40000Hzとなります。,13 音の表現
19,画像のデジタル化において、1画素あたりの色や明るさを表現する細かさの段階数を何というか。,解像度,階調,フレームレート,画素数,2,色の濃淡や明暗を何段階で表現できるかを示す言葉を「階調」といいます（例：256階調など）。,15 画像の表現
20,ディスプレイなどで色を表現する際、赤(R)・緑(G)・青(B)の光を混ぜて色を作る方法を何というか。,減法混色,加法混色,階調表現,補色表現,2,光の三原色を混ぜると明るさが増して白に近づきます。これを加法混色といいます。プリンタのインクなどは減法混色です。,15 画像の表現
21,連続する同一のデータ（例：AAAAA）を、「データ×連続する回数（例：A5）」として記録する圧縮方式はどれか。,ハフマン符号化,ランレングス圧縮,非可逆圧縮,LZ圧縮,2,同じデータが何個並んでいるかを数えて記録することでデータを圧縮する方式をランレングス圧縮といいます。,18 データの圧縮と効率化
22,出現頻度の高いデータには短い符号を、低いデータには長い符号を割り当てることで全体のデータ量を減らす圧縮方式はどれか。,ランレングス圧縮,ハフマン符号化,JPEG圧縮,LZ圧縮,2,データの出現頻度の偏りを利用して圧縮効率を高める方式をハフマン符号化といいます。,18 データの圧縮と効率化
23,動画を構成する1枚1枚の静止画像のことを何というか。,フレーム,ピクセル,パレット,解像度,1,動画は静止画を連続的に表示したものであり、その1枚ずつの静止画をフレームといいます。,14 画像の表現
24,画像の形式のうち、画素（点）の集まりとして表現し、拡大するとギザギザ（ジャギー）が生じる形式を何というか。,ベクタ形式,ラスタ形式,テキスト形式,アナログ形式,2,写真を扱う際によく用いられる、色のついた点の集合で構成された画像形式をラスタ形式（ビットマップ形式）といいます。,15 画像の表現
25,圧縮前と伸張後のデータが完全に同一になる圧縮方式を何というか。,非可逆圧縮,可逆圧縮,ZIP圧縮,JPEG圧縮,2,文書やプログラムなど、1ビットでも欠損すると問題があるデータに用いられる、完全に元に戻せる圧縮方式です。,18 データの圧縮と効率化
26,プログラミングにおける「変数」の役割として最も適当なものはどれか。,プログラムを強制終了させる,データを一時的に記憶しておく箱,繰り返し処理を指示する,画面に文字を表示する,2,プログラム実行中に計算結果や入力された数値・文字列などのデータを一時的に記憶しておく箱のような役割を持ちます。,37 プログラミングの基本
27,条件が成り立つか成り立たないかによって、実行する処理を切り替える制御構造を何というか。,順次構造,反復構造,選択（分岐）構造,再帰構造,3,「もし〜ならば」という条件によって処理のルートを分けることを選択構造（または分岐構造）といいます。,37 プログラミングの基本
28,変数aが10、変数bが3のとき、「a % b」の演算結果はいくつになるか。,2,3,1,10,3,「%」は割り算の余りを求める演算子です。10を3で割った余りは1となります。,37 プログラミングの基本
29,「i を 1 から 5 まで 1 ずつ増やしながら繰り返す」という処理を行ったとき、ループ内の処理は何回実行されるか。,4回,5回,6回,実行されない,2,iが1、2、3、4、5と変化するため、合計5回実行されます。,37 プログラミングの基本
30,配列 Data ＝ ［10、 20、 30、 40］ において、Data［2］ の値はどれか（添字は0から始まるものとする）。,10,20,30,40,3,配列の添字は0から始まります。Data[0]が10、Data[1]が20、Data[2]が30となります。,38 配列
31,二次元配列 Zahyou［x、 y］ において、最初の添字「x」が一般的に表すものはどれか。,行（縦の並び）,列（横の並び）,要素の総数,データの型,1,二次元配列において、一つ目の添字は「行」、二つ目の添字は「列」を表すのが一般的です。,38 配列
32,プログラミングにおいて、関数を呼び出す際に処理に必要な情報として関数に渡す値のことを何というか。,戻り値,引数,変数,定数,2,関数に処理を依頼する際に渡すデータを引数（ひきすう）といいます。,39 関数
33,関数内での処理が終わった後、呼び出し元に返される値のことを何というか。,引数,戻り値,ローカル変数,グローバル変数,2,関数の実行結果として呼び出し元に返却されるデータを戻り値（返り値）といいます。,39 関数
34,プログラム全体で有効であり、どこからでもアクセスできる変数を何というか。,ローカル変数,グローバル変数,配列,引数,2,プログラムのどの場所（関数の内側・外側）からでも参照・変更できる変数をグローバル変数といいます。,39 関数
35,データの端から順番に目的の値を探していく、最も単純な探索アルゴリズムはどれか。,二分探索,線形探索,バブルソート,選択ソート,2,配列の先頭から一つずつ目的の値と比較していく方法を線形探索といいます。,40 探索のプログラム
36,二分探索を行うための前提条件として正しいものはどれか。,データがすべて正の数であること,データが重複していないこと,データが昇順または降順に整列されていること,データ数が偶数であること,3,二分探索は、大小関係を利用して探索範囲を半分に絞り込むため、あらかじめデータが整列（ソート）されている必要があります。,40 探索のプログラム
37,100個の整列されたデータから二分探索で目的の値を探すとき、最大探索回数はおよそ何回になるか。,7回,50回,100回,1回,1,二分探索は1回の比較で範囲が半分になるため、2の7乗（128）以内の7回で探し出すことができます。,40 探索のプログラム
38,データ数が n のとき、線形探索の最大探索回数はどれか。,1回,n/2回,n回,log2(n)回,3,線形探索は最悪の場合、データの最後まで探す必要があるため、最大探索回数はデータ数と同じ n回 になります。,40 探索のプログラム
39,隣り合うデータの大小を比較し、必要に応じて入れ替えを繰り返すことで整列を行うアルゴリズムはどれか。,選択ソート,挿入ソート,バブルソート,クイックソート,3,隣接する要素を比較・交換して、泡が浮かぶように大小を揃えていく方法をバブルソートといいます。,41 整列のプログラム
40,未整列の要素から最小値を探し、整列済みの末尾の次の要素と入れ替える方法を何というか。,選択ソート,バブルソート,挿入ソート,線形探索,1,未整列部分から最小（最大）の値を選択して、決まった位置の要素と交換する方法を選択ソートといいます。,41 整列のプログラム
41,二つの変数aとbの値を入れ替える際、作業用変数tempを用いた正しい手順はどれか。,a=b; b=a,temp=a; a=b; b=temp,temp=a; b=a; a=temp,a=temp; temp=b; b=a,2,元の値を一時的に退避させる必要があります。aをtempに退避し、bをaに代入、退避したtempをbに代入するのが正しい手順です。,37 プログラミングの基本
42,乱数を用いて、不確定な要素を含む現象を確率的な考え方でシミュレーションする手法を何というか。,モンテカルロ法,最小二乗法,二分探索法,移動平均法,1,乱数を用いて面積や円周率の近似値を求めたりする確率的シミュレーション手法をモンテカルロ法といいます。,29 モデル化とシミュレーション
43,サイコロを振るシミュレーションにおいて、整数の乱数を発生させる関数を利用する目的は何か。,サイコロの目の合計を正確に計算するため,サイコロを投げる不確定な動作を再現するため,変数を初期化してエラーを防ぐため,データを昇順に整列するため,2,サイコロのどの目が出るかという確率的な（不確定な）現象を、乱数を使ってモデル化するためです。,29 モデル化とシミュレーション
44,モンテカルロ法で円周率を求める際、シミュレーションの試行回数（乱数の数）を増やすと結果はどうなるか。,結果のばらつきが大きくなる,真の値に近づき、ばらつきが小さくなる,必ず3.14に完全に一致する,結果は全く変わらない,2,試行回数を増やすほど、大数の法則により結果のばらつきが小さくなり、理論値（真の値）に近づいていきます。,29 モデル化とシミュレーション
45,フローチャートにおいて、ひし形の記号が表す処理はどれか。,開始・終了,処理（演算など）,条件による分岐,データの入力,3,ひし形は「もし〜ならば」という判断や条件による分岐を表します。,43 プログラムの設計手法
46,行政や企業などがインターネットを通じて一般に公開し、誰でも自由に入手・利用・再配布できるデータのことを何というか。,オープンデータ,ビッグデータ,個人情報,機密データ,1,機械判読に適した形式で、二次利用が可能なルールで公開されたデータをオープンデータといいます。,オープンデータの活用
47,表計算ソフトウェアなどで広く使われ、データをカンマ（、）で区切って保存するテキストファイルの形式はどれか。,PDF,CSV,XML,HTML,2,CSV（Comma Separated Values）は、データをカンマで区切ったテキスト形式で、互換性が高いのが特徴です。,オープンデータの活用
48,条件「A and B（A かつ B）」が「真」となるのはどのような場合か。,AとBのどちらか一方が真のとき,AとBの両方が真のとき,AとBの両方が偽のとき,Aが偽のとき,2,論理積（and）は、指定されたすべての条件が成り立っている（真である）ときのみ全体が「真」となります。,37 プログラミングの基本
49,7個の整列されたデータ ［8、 15、 24、 56、 64、 77、 85］ から二分探索を行うとき、最初に比較される中央の要素の値はどれか。,8,24,56,64,3,7個のデータ（添字0〜6）の中央は添字3の要素になります。したがって、最初の中央値は「56」です。,40 探索のプログラム
50,ある変数の値に1を加算して、同じ変数に上書き保存する処理（カウントアップ）の記述として正しいものはどれか。,a = 1,a = a + 1,a == 1,a + 1 = a,2,右辺の「a + 1」で現在の値に1を足し、その結果を左辺の「a」に代入（上書き）する記述です。,37 プログラミングの基本
51,個人を特定するために使われる「基本四情報」の組み合わせとして最も適当なものはどれか。,氏名、住所、生年月日、性別,氏名、電話番号、メールアドレス、パスワード,氏名、住所、電話番号、マイナンバー,氏名、生年月日、血液型、性別,1,個人を特定するための基本的な情報として、氏名、住所、生年月日、性別の4つを合わせて「基本四情報」と呼びます。,04 個人情報とその扱い
52,著作権法において、著作権（財産権）の保護期間の原則として最も適当なものはどれか。,創作した時から著作者の生存期間,創作した時から50年,創作した時から著作者の死後50年,創作した時から著作者の死後70年,4,著作権は著作物が創作された時に発生し、原則として著作者の死後70年まで保護されます。,06 著作権
53,情報の特徴に関する説明のうち、適当なものを選びなさい。,情報は他人に与えると自分の手元からはなくなる。,情報は容易に複製することができ、劣化しない。,情報は伝わるのに時間がかかり、特定の人にしか伝わらない。,ネットワークに流出した情報は簡単に完全に消去できる。,2,情報は形がないため、簡単に複製（コピー）することができ、何度複製しても劣化しないという「複製性」を持っています。,01 情報と情報社会
54,POSシステムにおいて、商品に付けられたバーコードを読み取ることで得られる情報として最も適当なものはどれか。,客の年齢層,客の性別,商品名や価格,天候,3,商品に付けられたバーコードには、商品の価格や商品名などが登録されており、これをバーコードリーダで読み取ります。,22 情報システム
55,デジタル署名に関する説明として最も適当なものを選びなさい。,送信されたデータが本人のものであることを証明する技術。,暗号が解読されたとき、第三者による改ざんを修正する技術。,平文から作成した要約文を受信者の公開鍵で暗号化する技術。,データを送信する際に自動的に暗号化し、盗聴を防ぐ技術。,1,デジタル署名は、送信者本人の秘密鍵で暗号化することで、送信されたデータが確かに本人のものであることを証明し、改ざんを検知する技術です。,26 安全のための情報技術
56,データを送受信する際に、データの誤りを検出するために各ビットの変化を確認するための情報を付加する方式を何というか。,暗号化,誤り検出符号,共通鍵方式,デジタル署名,2,通信回線のノイズ等によるデータの反転（誤り）を検出するために、パリティビットなどの誤り検出符号を付加して送信します。,26 安全のための情報技術
57,行政や企業などがインターネットを通じて一般に公開し、誰もが自由に入手して二次利用できるようにしたデータを何というか。,ビッグデータ,オープンデータ,個人情報,メタデータ,2,営利・非営利を問わず二次利用が可能で、機械判読に適した無償のデータをオープンデータと呼びます。,25 データの収集と整理
58,質的データに分類される尺度のうち、「血液型」や「性別」などが該当する尺度はどれか。,名義尺度,順序尺度,間隔尺度,比例尺度,1,単に区別や分類を目的としており、大小関係や順序に意味を持たない尺度を名義尺度といいます。,29 統計量とデータの尺度
59,あるデータ群において、最も出現頻度の高い（最も多く現れる）値のことを何というか。,平均値,中央値,最頻値,分散,3,データの分布において、度数が最も多い値のことを最頻値（モード）といいます。,29 統計量とデータの尺度
60,２つの変数の関係を表す散布図において、右肩上がりの傾向（一方が増えれば他方も増える）が見られる場合、どのような関係があるといえるか。,正の相関,負の相関,相関なし,因果関係,1,一方の変数が増加するともう一方の変数も増加する傾向がある場合、「正の相関」があるといいます。,31 時系列分析と回帰分析
61,実測値のデータに最も近いモデル関数を求める方法として、近似曲線とデータとの残差の二乗の合計が最小になるように直線を求める方法を何というか。,移動平均法,最小二乗法,モンテカルロ法,二分探索法,2,各データと直線との差（残差）の二乗の合計をとり、それが最小になるような直線を求める方法を最小二乗法といいます。,31 時系列分析と回帰分析
62,クロス集計の結果から、項目間の偏りが有意な差であるかを検定する方法として最も適当なものはどれか。,カイ二乗検定,t検定,最小二乗法,移動平均法,1,期待度数と実測度数の独立性を判定することで、それが有意な差であるかを検定する方法をカイ二乗検定といいます。,32 区間推定とクロス集計
63,誰にでも公平に使えることを目指す「ユニバーサルデザイン」の例として不適当なものはどれか。,段差のない歩道,階段のみで構成された入り口,言葉の壁を越えて直感的に意味が伝わるピクトグラム,車いすでも利用しやすい自動ドア,2,ユニバーサルデザインは、年齢や障害の有無にかかわらず誰にでも公平に使えることを目指すため、階段のみの入り口は不適当です。,07 情報デザイン
64,言葉の壁を越えて誰にでも直感的に意味が伝わるようにデザインされた視覚記号を何というか。,ロゴマーク,アイコン,ピクトグラム,インフォグラフィック,3,非常口のマークなど、情報を抽象化して単純な構図と明瞭な二色程度で表された図記号をピクトグラムといいます。,07 情報デザイン
65,アナログデータの特徴として最も適当なものはどれか。,ノイズに強い,加工しやすい,連続的な量で表現されている,0と1の組み合わせで表現される,3,アナログデータは、温度や時間のように切れ目のない連続的な量で表現されるという特徴を持ちます。,12 数値と文字の表現
66,10進数の「15」を4ビットの2進数で表すとどうなるか。,1010,1100,1110,1111,4,10進数の15は、2進数の桁の重み（8＋4＋2＋1）をすべて足し合わせたものになるため、1111となります。,12 数値と文字の表現
67,論理回路において、入力Aが0、Bが1のとき、OR回路の出力はどうなるか。,0,1,AとBが逆転する,エラーになる,2,OR回路（論理和）は、入力のどちらか一方でも「1」であれば、出力が「1」になります。,13 演算の仕組み
68,10進数の「-2」を、4ビットの2進数の補数（2の補数）で表現したものはどれか。,10,1010,1101,1110,4,2進数の0010（2）の0と1を反転させて「1101」とし、それに1を足した「1110」が負の数を表す補数表現になります。,13 演算の仕組み
69,音のデジタル化において、1秒間に行う標本化の回数を表す言葉はどれか。,標本化ビット数,標本化周波数,量子化ビット数,ビットレート,2,アナログの波形を一定の時間間隔で分割する回数（1秒あたりの回数）を標本化周波数といい、単位はHz（ヘルツ）で表します。,14 音の表現
70,画像を拡大した際に輪郭が階段状にギザギザになる現象を何というか。,ジャギー,ポリゴン,モアレ,ハレーション,1,ラスタ形式（ビットマップ形式）の画像を拡大したときに、画素（ピクセル）が四角く引き伸ばされることで生じるギザギザをジャギーといいます。,15 画像の表現
71,色の三原色（シアン、マゼンタ、イエロー）のインクを混ぜて色を作る方法を何というか。,加法混色,減法混色,階調表現,補色表現,2,プリンタのインクなどに用いられ、色を混ぜるほど明るさが減って黒に近づいていく混色方法を減法混色といいます。,15 画像の表現
72,画像データの圧縮形式のうち、写真を扱うのによく用いられる非可逆圧縮の形式はどれか。,ZIP,PNG,JPEG,BMP,3,JPEGは、人間の目の特性を利用してデータの一部を削ることで高い圧縮率を実現する非可逆圧縮の画像形式です。,18 データの圧縮と効率化
73,LAN内のコンピュータなどにIPアドレスを自動的に割り当てるためのプロトコルはどれか。,HTTP,DNS,DHCP,SMTP,3,DHCP（Dynamic Host Configuration Protocol）は、ネットワークに接続するコンピュータにIPアドレスを自動的に割り当てるプロトコルです。,20 インターネットの仕組み
74,ドメイン名「www.example.co.jp」において、日本の企業を表す「co」の部分を何というか。,国名,組織名,組織区分,コンピュータ名,3,ドメイン名の「co」は企業、「ac」は大学などの「組織区分」を表します。最後の「jp」は国名を表します。,20 インターネットの仕組み
75,IPv6アドレスは何ビットのデータで表現されるか。,32ビット,64ビット,128ビット,256ビット,3,従来のIPv4が32ビットであるのに対し、アドレス枯渇に対応するために導入されたIPv6は128ビットで表現されます。,20 インターネットの仕組み
76,問題を解決するための具体的な手順や計算方法のことを何というか。,プログラム,アルゴリズム,フローチャート,モデル化,2,問題を解決するために「何を」「どのような順番で」「何に対して行うのか」などを記述した処理手順をアルゴリズムといいます。,36 アルゴリズムとプログラミング
77,アルゴリズムを、決められた図記号を用いて視覚的に表現したものを何というか。,クラス図,フローチャート,状態遷移図,散布図,2,処理の流れを、開始・終了、処理、条件分岐などの図記号と矢印を使って図解したものをフローチャート（流れ図）といいます。,36 アルゴリズムとプログラミング
78,Pythonにおいて、変数に値を代入する際に使用する記号はどれか。,==,=,<-,:,2,プログラミングにおいて「=」は「等しい」という意味ではなく、右辺の値を左辺の変数に記憶させる「代入」を意味します。,37 プログラミングの基本
79,処理を条件（もし〜ならば）によって分ける制御構造を何というか。,順次構造,反復構造,選択（分岐）構造,再帰構造,3,条件が成り立つか成り立たないかによって、実行する処理のルートを切り替える構造を選択構造（または分岐構造）といいます。,37 プログラミングの基本
80,Pythonのif文において、「aとbが等しい」という条件を表す正しい記述はどれか。,a = b,a == b,a != b,a >= b,2,条件式の中で「等しい」ことを比較・判定するための比較演算子は「==」を使用します。,37 プログラミングの基本
81,複数の条件のどちらか一方が成り立てば全体として真となる論理演算子はどれか。,and,or,not,xor,2,「A or B」は、AまたはBの少なくとも一方が条件を満たしている（真である）ときに全体が真となります。,37 プログラミングの基本
82,指定した範囲の整数の乱数を発生させるために、Pythonで標準的に用いられるモジュールはどれか。,math,random,datetime,tkinter,2,乱数を発生させる関数 randint などを使用するためには、random モジュールをインポート（import random）する必要があります。,37 プログラミングの基本
83,配列（リスト）の中に格納されている一つひとつのデータのことを何というか。,添字（インデックス）,要素,引数,戻り値,2,配列の中に格納された個々のデータのことを「要素」といい、それを識別するための番号を「添字」といいます。,38 配列
84,Pythonにおいて、配列（リスト）の末尾に要素を追加するためのメソッドはどれか。,add,insert,append,remove,3,空の配列などにデータを追加していく際、「配列名.append（値）」と記述することで配列の末尾に要素を追加できます。,38 配列
85,二次元配列「Data[1][2]」は、表で考えると通常どの位置を表すか（添字は0から始まるとする）。,2行目の3列目,3行目の4列目,2番目の要素,3行目の2列目,1,添字は「0」から始まるため、最初の添字 は2行目、次の添字 は3列目を表します。,38 配列
86,定められた一連の処理を定義し、それを呼び出すことで実行される仕組みを何というか。,配列,クラス,変数,関数,4,特定の処理をまとめて名前を付け、必要に応じて呼び出して実行できるようにしたものを関数といいます。,39 関数
87,関数を呼び出す際に、関数の処理に必要な情報として渡す値のことを何というか。,戻り値,引数,要素,添字,2,関数に処理を依頼する際、カッコの中に記述して関数側に渡すデータのことを引数（ひきすう）といいます。,39 関数
88,関数の中で定義され、その関数の内部でのみ有効な変数を何というか。,ローカル変数,グローバル変数,クラス変数,インスタンス変数,1,関数の中で作成された変数はローカル変数と呼ばれ、その関数の外側からはアクセス（参照）することができません。,39 関数
89,関数が処理を終了した後に、呼び出し元に返す値のことを何というか。,引数,戻り値,仮引数,変数,2,関数の処理結果として、呼び出し元のプログラムに返却されるデータのことを戻り値（返り値）といいます。,39 関数
90,配列などのデータ列の端から順番に目的の値を探していくアルゴリズムはどれか。,二分探索,線形探索,バブルソート,選択ソート,2,先頭の要素から順に、目的の値と一致するかどうかを一つずつ確認していく最も基本的な探索方法です。,40 探索のプログラム
91,線形探索において、データ数が n 個の場合、最も見つかるのが遅い（最悪の）場合の比較回数は何回か。,1回,n/2 回,n 回,log2(n) 回,3,線形探索では、目的のデータが最後にある場合や存在しない場合、すべての要素を確認するため比較回数は n 回になります。,40 探索のプログラム
92,二分探索を実行するための必須条件はどれか。,データがすべて正の整数であること,データが昇順または降順に整列されていること,データの個数が奇数であること,データに重複がないこと,2,大小関係を利用して探索範囲を半分に絞り込んでいくため、あらかじめデータが一定の規則で並んでいる（ソートされている）必要があります。,40 探索のプログラム
93,整列済みの10個のデータから二分探索で目的の値を探すとき、最大でおよそ何回の比較が必要か。,10回,4回,5回,1回,2,1回の比較で範囲が半分になるため、2の4乗（16）以内の最大4回で必ず見つけ出すことができます。,40 探索のプログラム
94,昇順に整列されたデータ列から二分探索を行う際、探索値が中央値より小さい場合、次の探索範囲はどうなるか。,中央値から右側（大きい部分）を探索範囲とする,中央値から左側（小さい部分）を探索範囲とする,探索を終了する,全体をもう一度探索する,2,昇順（小さい順）に並んでいる場合、探索値が中央値より小さければ、目的の値は中央値の左側に存在することになります。,40 探索のプログラム
95,隣り合うデータの大小を比較し、条件に合わなければ交換する操作を繰り返して整列するアルゴリズムを何というか。,選択法（選択ソート）,挿入法（挿入ソート）,交換法（バブルソート）,二分探索,3,隣り合う要素を比較・交換していくことで、泡（バブル）が浮かび上がるようにデータを端に寄せていく整列方法です。,41 整列のプログラム
96,交換法（バブルソート）で n 個のデータを昇順に整列するとき、1周目の比較・交換が完了した時点で必ず正しい位置に確定するデータはどれか。,最小値,中央値,最大値,全てのデータ,3,昇順の場合、1周目の操作が終わると、最も大きい値（最大値）が配列の最後尾に移動して位置が確定します。,41 整列のプログラム
97,未整列のデータの中から最小値（または最大値）を探し出し、整列済みの末尾の次の要素と交換する整列アルゴリズムを何というか。,選択法（選択ソート）,挿入法（挿入ソート）,交換法（バブルソート）,線形探索,1,データ全体から目的の（一番小さいなど）値を選択し、決まった位置の要素と交換していく整列方法です。,41 整列のプログラム
98,変数aとbの値を入れ替えるため、一時的に値を退避させる変数tempを用いる正しい手順はどれか。,"a = b, b = a","temp = a, a = b, b = temp","a = temp, temp = b, b = a","temp = b, b = temp, a = b",2,aの値をそのままbに上書きするとaの値が消えてしまうため、作業用変数（temp）にaの値を一時保存してから交換します。,41 整列のプログラム
99,"配列「a = ［4, 3, 2, 1］」を昇順にソートしたとき、要素 a［1］ に入る値はどれか。",1,2,3,4,2,"昇順（小さい順）にソートすると、配列の中身は ［1, 2, 3, 4］ になります。添字は0から始まるため、a［0］が1、a［1］が2となります。",41 整列のプログラム
100,"「for i in range(1, 5, 1):」という反復処理において、変数iはいくつからいくつまで変化するか。",1から5,0から4,1から4,0から5,3,"range(開始値, 終了値, 増減値) は、開始値から始まり終了値を含まない範囲で変化するため、1, 2, 3, 4 と変化します。",37 プログラミングの基本
101,映画の著作物などを複製して譲渡・貸与する権利として最も適当なものを次の中から選びなさい。,頒布権,展示権,公衆送信権,複製権,1,映画の著作物を譲渡や貸与によって公衆に提供する権利を頒布権といいます。展示権は美術の著作物等を公に展示する権利です。,06 著作権
102,データの尺度のうち身長や質量などのように絶対的なゼロ（無）を持ち値の比率に意味がある尺度はどれか。,名義尺度,順序尺度,間隔尺度,比例尺度,4,身長や質量のように絶対的なゼロを持ち、比率に意味があるものを比例尺度といいます。温度などの間隔尺度は絶対的なゼロを持ちません。,29 統計量とデータの尺度
103,個人情報のうち不当な差別や偏見が生じないように特に慎重に取り扱う必要がある「要配慮個人情報」に該当するものはどれか。,氏名,病歴,電話番号,肌の色,2,病歴や信条などは要配慮個人情報に該当します。肌の色は人種を推測させるに過ぎないため、それ単体では要配慮個人情報には該当しません。,04 個人情報とその扱い
104,データベースにおいて複数の表を共通する項目（キー）で結び付け一つの表として表示する関係演算の操作を何というか。,結合,射影,選択,集約,1,複数の表を共通する項目で結び付け一つの表として表示する操作を「結合」といいます。,24 データベースの仕組み
105,データベースの操作において表の中から条件に合う特定の行（レコード）を取り出して表示する関係演算を何というか。,結合,射影,選択,抽出,3,与えた条件に合う行（レコード）を取り出して表示する操作を「選択」といいます。一部の列を取り出すのは「射影」です。,24 データベースの仕組み
106,POSシステムを導入する目的として最も不適当なものを選びなさい。,いつ、何が、いくつ売れたかの販売情報を即座に集計する,売れ筋商品を把握して在庫管理を効率化する,天候と売上の関連などを分析してマーケティングに活用する,顧客のクレジットカードの暗証番号をデータベースに保存する,4,POSシステムは販売情報の集計や在庫管理に利用されますが、顧客の暗証番号を保存することはセキュリティ上不適切であり目的ではありません。,22 情報システム
107,クリエイティブ・コモンズ・ライセンスのマークのうち「ND」が意味する条件として適当なものはどれか。,作品を改変しないこと（改変禁止）,作品のクレジットを表示すること（表示）,営利目的で利用しないこと（非営利）,元の作品と同じ組み合わせのライセンスで公開すること（継承）,1,ND（NoDerivatives）は元の作品を改変しないことを意味する「改変禁止」のマークです。,06 著作権
108,クレジットカード、交通系ICカード、バーコード決済などのキャッシュレス決済のうち高額な物品を購入する際に支払回数を選択できる特徴をもつものはどれか。,交通系ICカード,バーコード決済,クレジットカード,電子マネー,3,クレジットカードは、高額な物品を購入する際に分割払いなど支払回数を選択できる特徴があります。,22 情報システム
109,ECサイトなどで顧客の購入履歴などのデータからその人の興味・関心がありそうな商品を提示する機能を何というか。,フィルタリング機能,レコメンデーション機能,ルーティング機能,スクレイピング機能,2,レコメンデーション（おすすめ）機能によって、利用者が存在を知らなかった商品に気づくきっかけとなり、潜在的なニーズを引き出すことができます。,22 情報システム
110,ビッグデータの特性を表す「3つのV」に含まれないものはどれか。,Volume（量）,Variety（種類）,Velocity（発生・更新頻度）,Value（価格）,4,ビッグデータの特性は、データの量（Volume）、種類（Variety）、発生・更新頻度（Velocity）の3つのVで表されます。,25 データの収集と整理
111,2つの変数の関係の強さを表す「相関係数」について最も適当な記述を選びなさい。,-1から1までの値をとり絶対値が1に近いほど相関が強い。,0から100までの値をとり100に近いほど相関が強い。,負の値をとることはなく必ず正の値をとる。,相関係数が0のとき2つの変数は完全に正の比例関係にある。,1,相関係数rは-1から1までの値をとり、絶対値が1に近いほど（1または-1に近いほど）強い相関があることを示します。0に近い場合は相関がありません。,31 時系列分析と回帰分析
112,データの値から平均値を引いた値を何というか。,分散,偏差,標準偏差,中央値,2,個々のデータの値から平均値を引いたものを「偏差」といいます。,30 データの分布と検定の考え方
113,データ通信において受信したデータに誤りがないかを確認するためデータに含まれる「1」の個数が偶数か奇数かを表す情報を付与する手法を何というか。,パリティチェック,デジタル署名,公開鍵暗号,ハフマン符号化,1,データの「1」の個数を数え、その偶奇を表すパリティビットを付与することで、通信中のビット反転などの誤りを検出する手法をパリティチェックといいます。,26 安全のための情報技術
114,TCP/IPの4階層モデルにおいて送信先のコンピュータのIPアドレスをもとにデータの通信経路の選択（ルーティング）を行う層はどれか。,アプリケーション層,トランスポート層,インターネット層,ネットワークインタフェース層,3,インターネット層は、IPアドレスをもとにデータの通信経路の選択（ルーティング）を行います。,20 インターネットの仕組み
115,CD（コンパクトディスク）の音質において1秒間に行われる標本化（サンプリング）の回数として標準的なものはどれか。,20回,20000回,44100回,1000000回,3,CDの音質の標本化周波数は44100Hz（1秒間に44100回）と定められています。,14 音の表現
116,ネットワーク内でデータリンク層で使われるMACアドレス（物理アドレス）をもとに接続されている相手先ポートを限定してパケットを送出する機器を何というか。,L3スイッチ（ルータ）,L2スイッチ（スイッチングハブ）,DNSサーバ,DHCPサーバ,2,MACアドレスをもとにルーティングを行う機器をL2スイッチ（スイッチングハブ）といいます。IPアドレスをもとに経路選択を行うのはL3スイッチ（ルータ）です。,20 インターネットの仕組み
117,温度や音の強さなど連続的に変化する量を切れ目のない連続的な量としてそのまま表現する形式を何というか。,アナログ,デジタル,バイナリ,離散化,1,温度や時間のように切れ目のない連続的な量で表現する形式をアナログといいます。,10 デジタル情報の特徴
118,コンピュータの処理速度を表す単位「MIPS」の説明として正しいものはどれか。,1秒間に画面を描画するフレーム数,毎秒何百万回の命令を実行できるかを表す値,1秒間に転送できるデータ量（ビット数）,1画素あたりに割り当てられるデータ量,2,MIPS（Million Instructions Per Second）は、コンピュータが1秒間に何百万回の命令を処理できるかを表す性能の指標です。,16 コンピュータの性能
119,電子メールの宛先指定において受信者が他の誰にメールが送信されたかを知ることができないように（アドレスを隠して）送信する欄はどれか。,To,CC,BCC,Subject,3,BCC（Blind Carbon Copy）欄に指定したアドレスは、他の受信者には表示されず、互いのアドレスを隠して一斉送信する際に用いられます。,21 Webページの閲覧とメールの送受信
120,10進数の「-3」を4ビットの2進数の補数（2の補数）で表現したものはどれか。,11,1011,1100,1101,4,10進数の3は2進数で「0011」です。0と1を反転させると「1100」となり、これに1を足すと「1101」になります。,13 演算の仕組み
121,ドメイン名とIPアドレスの対応関係を管理し相互に変換を行うサーバを何というか。,Webサーバ,メールサーバ,DNSサーバ,DHCPサーバ,3,DNS（Domain Name System）サーバは、人間が覚えやすいドメイン名と、コンピュータが通信に使うIPアドレスを変換する役割を持ちます。,20 インターネットの仕組み
122,情報セキュリティにおける脅威のうちメールの添付ファイルや悪意のあるWebサイトを通じてコンピュータに侵入しデータを暗号化して復旧の対価（身代金）を要求する不正プログラムを何というか。,スパイウェア,ランサムウェア,キーロガー,アドウェア,2,データを勝手に暗号化し、元に戻すことと引き換えに金銭を要求するマルウェアをランサムウェアといいます。,23 個人による安全対策
123,LAN内のコンピュータがネットワークに接続した際空いているIPアドレスを自動的に割り当てるプロトコルはどれか。,DHCP,HTTP,SMTP,POP,1,DHCP（Dynamic Host Configuration Protocol）は、ネットワークに接続する機器にIPアドレスなどを自動的に割り当てるプロトコルです。,20 インターネットの仕組み
124,画像を構成する画素（ピクセル）の集まりで表現し写真などの保存に適しているが拡大するとジャギーが生じる画像形式を何というか。,ベクタ形式,ラスタ形式（ビットマップ形式）,テキスト形式,アナログ形式,2,点の集合で画像を表現する形式をラスタ形式（ビットマップ形式）といい、写真の表現などに用いられます。,15 画像の表現
125,Webページを記述するための言語であるHTMLにおいて見出しや段落、文字色などを指定して「見た目を整える」ための役割を担う言語はどれか。,URL,CSS,XML,C言語,2,HTMLで構造を定義したWebページに対し、文字の色や大きさ、レイアウトなどのデザイン（見た目）を指定する言語をCSSといいます。,09 Webページと情報デザイン
126,プログラミングの処理構造のうち「Aの処理が終わったらBの処理を行う」というように記述された順番通りに処理を実行する構造を何というか。,順次構造,選択構造,反復構造,再帰構造,1,上から下へ、記述された命令を順番に実行していく最も基本的な構造を順次構造といいます。,37 プログラミングの基本
127,Pythonなどのオブジェクト指向プログラミングにおいて特定のデータ型やクラスに結びついており「オブジェクト名.メソッド名(引数)」の形式で呼び出して実行する関数のことを何というか。,プロパティ,メソッド,クラス,モジュール,2,オブジェクトの中で定義され、そのオブジェクトのデータを操作する関数のことをメソッドと呼びます。,42 オブジェクト指向プログラミング
128,プログラミングにおいて変数に値を代入したり演算結果を保持したりするために用いられる「=」の記号の正しい意味はどれか。,左辺と右辺が等しいことを判定する。,左辺の変数に右辺の値を代入する。,右辺の変数に左辺の値を代入する。,左辺と右辺の値を入れ替える。,2,プログラミングにおける「=」は等号ではなく、右辺の式や値を左辺の変数に上書き記憶させる「代入」を意味します。等しいことの判定には「==」を用います。,37 プログラミングの基本
129,Pythonにおいて配列（リスト）の末尾に新しい要素を追加するためのメソッドはどれか。,add,insert,append,remove,3,配列（リスト）の最後に要素を追加するには、「配列名.append(値)」メソッドを使用します。,38 配列
130,Pythonの辞書（dict）オブジェクトにおいて辞書に含まれる「キー」と「値」のペアをすべて取得するためのメソッドはどれか。,split(),append(),items(),remove(),3,辞書からすべてのキーと値を取得し、ループ処理などで利用する際にはitems()メソッドを使用します。,43 オープンデータの活用
131,関数を呼び出す際に呼び出し側から関数へ渡す変数のことを「実引数」というのに対し関数を定義する側でその値を受け取るための変数を何というか。,グローバル変数,仮引数,戻り値,定数,2,関数呼び出しの際に渡される実際の値（実引数）を受け取る、関数定義側の変数を仮引数といいます。,41 整列のプログラム
132,関数の引数に配列（リスト）を渡した場合関数内で配列の要素を変更すると呼び出し元の配列の中身も書き換わる。このようにデータの保存場所を共有する渡し方を何というか。,値渡し,参照渡し,グローバル渡し,ローカル渡し,2,配列のように、データが保存されているメモリ上の場所（参照先）を渡すことを参照渡しといいます。一方、数値や文字列のように値のコピーを渡すことを値渡しといいます。,41 整列のプログラム
133,プログラムにおいて関数の外側で定義されプログラム全体からアクセスや変更ができる変数を何というか。,ローカル変数,グローバル変数,引数,戻り値,2,プログラム全体のどこからでも参照・変更できる変数をグローバル変数といいます。関数の中だけで有効な変数はローカル変数です。,39 関数
134,データ数が8個の整列された配列に対して二分探索を行う場合目的のデータを見つけるための最大探索回数はおよそ何回か。,8回,4回,3回,1回,2,二分探索は1回の比較で探索範囲が半分になります。データ数8（=2の3乗）の場合、範囲の個数は8→4→2→1と半減するため、最大4回の比較で完了します。,40 探索のプログラム
135,配列の隣り合う要素の大小を比較し条件に合わなければ交換する操作を繰り返して泡が浮かび上がるようにデータを整列するアルゴリズムはどれか。,選択ソート,挿入ソート,バブルソート,クイックソート,3,隣接する要素を比較・交換していくことでデータを端に寄せていく整列方法をバブルソート（交換法）といいます。,41 整列のプログラム
136,未整列のデータ全体の中から最小値（または最大値）を探し出しそれを整列済みの末尾の次の要素と交換していく整列アルゴリズムを何というか。,選択ソート,挿入ソート,バブルソート,線形探索,1,データ全体から目的の値を選択し、決まった位置の要素と交換していく整列方法を選択ソート（選択法）といいます。,41 整列のプログラム
137,未整列の先頭にあるデータをすでに整列済みのデータ列の適切な位置に割り込ませていく整列アルゴリズムを何というか。,選択ソート,挿入ソート,バブルソート,クイックソート,2,整列済みの部分に対して、新しい要素を正しい位置に挿入していく整列方法を挿入ソート（挿入法）といいます。,41 整列のプログラム
138,対象データから基準値を一つ選びそれより小さいグループと大きいグループに分割しそれぞれのグループに対して同じ分割処理を繰り返すことで高速に整列するアルゴリズムを何というか。,バブルソート,選択ソート,挿入ソート,クイックソート,4,基準値（ピボット）を用いた分割と、再帰呼び出しを利用して高速に整列を行うアルゴリズムをクイックソートといいます。,総合問題
139,クイックソートなどのプログラムにおいて関数の中で再び「自分自身の関数」を呼び出して繰り返し処理を行うことを何というか。,反復呼び出し,再帰呼び出し,無限ループ,値渡し,2,関数の中で自分自身を呼び出すことを再帰呼び出し（リカーシブコール）といい、複雑な繰り返し処理を簡潔に記述できます。,総合問題
140,Pythonで1から6までの整数の乱数を発生させるための関数はどれか（randomモジュールはインポート済みとする）。,random.rand(1、 6),random.random(1、 6),random.randint(1、 6),random.int(1、 6),3,指定した範囲（最小値から最大値まで）の整数の乱数を発生させる関数は randint です。,37 プログラミングの基本
141,Pythonで外部のテキストファイルをプログラムに読み込むためにファイルを開く際に用いる関数はどれか。,open(),read(),close(),input(),1,ファイルを開いてファイルポインタ（ファイルオブジェクト）を取得するためには、open関数を使用します。,43 オープンデータの活用
142,Pythonにおいて文字列「10、20、30」をカンマ「、」で区切って配列（リスト）に分割するためのメソッドはどれか。,append(),slice(),split(),replace(),3,文字列を指定した区切り文字で分割し、リストに変換するメソッドは split() です。,38 配列
143,PythonでウィンドウやボタンなどのGUI（グラフィカルユーザーインターフェース）を作成するために標準で組み込まれているモジュールはどれか。,math,random,datetime,tkinter,4,tkinterモジュールは、PythonでGUIアプリケーションを作成するために標準的に利用されます。,43 オープンデータの活用
144,乱数を用いて不確定な要素を含む現象を確率的な考え方でモデル化し円周率の近似値や面積などを求めるシミュレーション手法を何というか。,モンテカルロ法,最小二乗法,移動平均法,線形探索法,1,乱数を用いて大量の試行を行い、確率的に近似解を求める手法をモンテカルロ法といいます。,29 モデル化とシミュレーション
145,サイコロの出目の確率やモンテカルロ法などのシミュレーションにおいて試行回数（乱数の発生回数）を非常に大きく増やすと結果はどうなるか。,結果のばらつきが大きくなる。,理論値（真の値）に近づき、ばらつきが小さくなる。,必ず理論値と完全に一致する。,結果は試行回数に関係なく変わらない。,2,大数の法則により、試行回数を増やすほどシミュレーション結果のばらつきは小さくなり、確率的な理論値に近づいていきます。,29 モデル化とシミュレーション
146,Pythonのfor文「for i in range(10、 3、 -2):」を実行したとき変数iはどのように変化するか。,10、 9、 8、 7、 6、 5、 4,10、 8、 6、 4,10、 8、 6、 4、 2,エラーになり実行されない,2,range(開始値、 終了値、 増減値)は開始値から終了値を含まない範囲で変化します。10から始まり-2ずつ減少し、3より大きい間変化するため、10、 8、 6、 4となります。,37 プログラミングの基本
147,Pythonの関数「int(3.14)」を実行したときの戻り値はどうなるか。,3.14,4,3,エラーになる,3,int関数は実数（浮動小数点数）を整数に変換する際、小数点以下を切り捨てて整数を返します。,巻末資料
148,オブジェクト指向プログラミングにおいて関連するデータ（変数）とそれに対する操作（関数）を一つにまとめた「設計図」のようなものを何というか。,クラス,モジュール,ライブラリ,配列,1,データ（プロパティ）と操作（メソッド）をまとめて定義したものをクラスといい、クラスから生成された実体をオブジェクト（インスタンス）といいます。,42 オブジェクト指向プログラミング
149,自動販売機の動作などを表現する際現在の状況（金額など）を丸で表し硬貨の投入などの出来事による状況の変化を矢印で結んで図解したものを何というか。,フローチャート,状態遷移図,クラス図,散布図,2,システムの状態と、入力やイベントに伴う状態の変化（遷移）を図に表したものを状態遷移図といいます。,43 プログラムの設計手法
150,アルゴリズムを図解するフローチャートにおいて「開始」や「終了」を表すために用いられる図記号の形はどれか。,長方形（処理）,ひし形（判断）,平行四辺形（入出力）,端子（角丸長方形）,4,フローチャートにおいて、処理の開始や終了は「端子」と呼ばれる角の丸い長方形や楕円の記号で表されます。,43 プログラムの設計手法
151,情報がネットワークなどを通じて短時間で広範囲に伝わる性質を何というか。,残存性,複製性,伝播性,匿名性,3,情報は、インターネットなどを介して瞬時に広範囲の人々に伝わる「伝播性」という特性を持っています。,01 情報と情報社会
152,次のうち、著作権の保護対象とならないものはどれか。,授業の課題で書いた作文,SNSの利用規約,子供の頃に描いた落書き,アイドルの振り付け,2,SNSの利用規約などの実用的な文書や単なるデータは、思想や感情を創作的に表現したものではないため著作物にはなりません。,06 著作権
153,パスワードの設定・管理について、最も適当なものを選びなさい。,ペットの名前をパスワードにする。,他のサイトでも使用しているパスワードを使用する。,忘れないように短いパスワードにする。,大文字、小文字、数字、記号を混ぜる。,4,推測されやすい名前や短いパスワード、使い回しは危険です。英大文字小文字、数字、記号を混ぜて長くするのが安全です。,23 個人による安全対策
154,POSシステムを利用することによるメリットに該当しないものはどれか。,在庫管理のスピード向上,売れ筋商品の把握,仕入れ資金の自動調達,天候と売上の関連分析,3,POSシステムは商品の販売情報を集計し、在庫管理やマーケティングに活用する仕組みですが、資金調達は目的外です。,22 情報システム
155,デジタル署名において、送信されたデータが確かに本人のものであることを受信者が検証（復号）する際に用いる鍵はどれか。,送信者の秘密鍵,送信者の公開鍵,受信者の秘密鍵,受信者の公開鍵,2,送信者が自身の「秘密鍵」で暗号化した要約文を、受信者が「送信者の公開鍵」で復号できれば、本人確認が成立します。,26 安全のための情報技術
156,気温（℃）や西暦などのように、間隔が等しいことに意味はあるが、絶対的なゼロ（無）を持たないデータの尺度はどれか。,名義尺度,順序尺度,間隔尺度,比例尺度,3,間隔尺度は値の差（間隔）に意味がある尺度です。一方で、身長や質量のように絶対的なゼロを持つものは比例尺度です。,29 統計量とデータの尺度
157,書籍に記されているISBNコードの最後の1桁は、コードが正しく読み取られたかをチェックするための数字である。これを何というか。,パリティビット,チェックディジット,ハッシュ値,デジタル署名,2,入力や読み取りの誤りを検出するために、一定の計算式に基づいて元の数値の末尾に付加される数字をチェックディジットといいます。,26 安全のための情報技術
158,エクセルの表で、セルA2の点数が80点以上なら「合格」、そうでなければ「不合格」と表示するための正しい式はどれか。,=IF(A2>80、「合格」、「不合格」),=IF(A2<=80、「合格」、「不合格」),=IF(A2>=80、「合格」、「不合格」),=IF(A2==80、「合格」、「不合格」),3,「80点以上」は比較演算子の >= を用います。IF関数は =IF(条件、真の場合、偽の場合) の順で記述します。,28 ソフトウェアを利用したデータの処理
159,乱数を用いて、不確定な要素を含む現象から確率的に円周率の近似値や面積などを求めるシミュレーション手法を何というか。,モンテカルロ法,最小二乗法,移動平均法,二分探索法,1,大量の乱数を用いて確率的に近似解を求める手法をモンテカルロ法と呼びます。,35 確率的モデルのシミュレーション
160,リレーショナルデータベースにおいて、複数の表を共通する項目（キー）で結び付け、一つの表としてまとめる操作を何というか。,選択,射影,結合,集約,3,別々の表にあるデータを、共通のフィールド（列）を基準に結び付けて一つの表にする関係演算を「結合」といいます。,24 データベースの仕組み
161,情報漏えいの原因として、外部からのサイバー攻撃だけでなく、企業内部で起こる誤操作などの問題も多い。これを何というか。,マルウェア,ヒューマンエラー,ソーシャルエンジニアリング,ゼロデイ攻撃,2,人間の不注意や思い込み、誤操作などによって引き起こされるミスや事故のことをヒューマンエラーといいます。,23 個人による安全対策
162,ビッグデータの特性を表す「3つのV」に含まれないものはどれか。,Volume（量）,Variety（多様性）,Velocity（発生・更新頻度）,Value（価値・価格）,4,ビッグデータは、データの量（Volume）、種類・多様性（Variety）、発生・更新頻度（Velocity）の3つのVで定義されます。,25 データの収集と整理
163,日本語を表現するための文字コードのうち、Windowsなどのコンピュータで昔から広く使われてきたものはどれか。,ASCIIコード,シフトJISコード,Unicode,EUC,2,日本でパソコンが普及し始めた頃から、日本語（漢字など）を扱うために広く利用されてきた文字コードがシフトJISコードです。,12 数値と文字の表現
164,2進数の「01101101」と「00010011」を加算した結果として正しいものはどれか。,1110000,1111110,1111111,10000000,4,2進数で右端から計算すると、すべて繰り上がりが生じ、最終的に「10000000」となります。,13 演算の仕組み
165,論理回路において、入力のどちらか一方でも「1」であれば、出力が「1」になる回路はどれか。,AND回路,OR回路,NOT回路,NAND回路,2,OR回路（論理和回路）は、複数の入力のうち少なくとも1つが「1（真）」であれば、「1」を出力します。,13 演算の仕組み
166,アナログの音をデジタル化する際の正しい手順はどれか。,量子化→標本化→符号化,標本化→符号化→量子化,標本化→量子化→符号化,符号化→量子化→標本化,3,波形を一定間隔で区切る（標本化）、段階値に近似する（量子化）、0と1のデータに変換する（符号化）の順で行います。,14 音の表現
167,ポスターなどのデザインにおいて、白い背景に黒い文字を使うことで見やすさを高める工夫を何というか。,明度差を活かした視認性の向上,色相差を活かした誘目性の向上,寒色系による落ち着いた印象,補色を利用したデザイン,1,背景と文字の明るさの差（明度差）を大きくすることで、文字がはっきりと読みやすくなる（視認性が高まる）効果を利用しています。,07 情報デザイン
168,JIS規格による色が示す意味の中で、「安全」や「避難」を示す色として最も適当なものはどれか。,赤,黄,青,緑,4,JIS規格の安全色において、緑は「安全・避難・救護」を意味し、非常口のマークなどに使用されます。,07 情報デザイン
169,押すためのボタンや引くためのドアノブなど、人がどのように操作すればよいかのサインとなるデザインを何というか。,ピクトグラム,アフォーダンス,シグニファイア,インフォグラフィックス,3,対象物が持つ意味（アフォーダンス）を、視覚的・直感的に操作の手がかりとして伝えるサインをシグニファイアといいます。,07 情報デザイン
170,インターネット上でコンピュータなどの通信機器を識別するために割り当てられる番号（住所のようなもの）を何というか。,MACアドレス,IPアドレス,URL,ドメイン名,2,ネットワークに参加している機器を識別し、通信の宛先として使用される番号をIPアドレスといいます。,20 インターネットの仕組み
171,インターネットの普及によるアドレス枯渇問題に対応するため導入された「IPv6」アドレスは、何ビットのデータで表現されるか。,32ビット,64ビット,128ビット,256ビット,3,従来のIPv4が32ビット（約43億個）であったのに対し、IPv6は128ビットに拡張され、実質的に無限のアドレスを割り当て可能です。,20 インターネットの仕組み
172,電子メールの宛先指定において、互いのアドレスを知らない複数の人に同じメールを一斉送信する際、アドレスを隠すために利用すべき欄はどれか。,To,CC,BCC,Subject,3,BCC（Blind Carbon Copy）に入力したアドレスは、他の受信者には表示されないため、個人情報保護の観点から一斉送信に利用されます。,21 Webページの閲覧とメールの送受信
173,ZIP形式などに代表される「可逆圧縮」の特徴として最も適当なものはどれか。,圧縮率が非常に高いが画質は劣化する。,圧縮前と伸張後のデータが完全に同一になる。,人間の感覚の特性を利用して不要なデータを削る。,一度圧縮すると二度と元のデータには戻せない。,2,文書やプログラムなど、1ビットでもデータが変わると困る場合に利用される、完全に元通りに復元できる圧縮方式です。,18 データの圧縮と効率化
174,「AAAAA」を「A5」のように、同じデータが何個並んでいるかを数えて記録する圧縮方式を何というか。,ランレングス圧縮,ハフマン符号化,JPEG圧縮,MP3圧縮,1,データの連続する回数を情報として置き換えることでデータ量を減らす方式をランレングス圧縮といいます。,18 データの圧縮と効率化
175,デジタルカメラの写真などでよく用いられ、人間の目の特性を利用してデータの一部を削ることで高い圧縮率を実現する画像形式はどれか。,BMP,PNG,JPEG,ZIP,3,JPEGは、色が滑らかに変化する写真などに適しており、元のデータに完全には戻らない非可逆圧縮方式を採用しています。,18 データの圧縮と効率化
176,プログラムの基本的な処理構造のうち、条件によって実行する処理を分ける構造を何というか。,順次構造,反復構造,選択（分岐）構造,再帰構造,3,「もし〜ならばAの処理、そうでなければBの処理」というように、条件に応じて処理を切り替える構造です。,37 プログラミングの基本
177,Pythonにおいて、画面に文字や変数の値を表示するために使用する関数はどれか。,input(),print(),len(),int(),2,文字列や計算結果などを画面に出力（表示）する際には print 関数を使用します。,37 プログラミングの基本
178,変数aの値に1を足して、再度変数aに記憶させる（カウントアップする）正しい記述はどれか。,a == 1,a + 1 = a,a = a + 1,a = 1,3,右辺の「a + 1」で現在の変数aの値に1を加算し、その結果を「=」で左辺の変数aに上書き代入します。,37 プログラミングの基本
179,Pythonの「for i in range(1、 11):」という処理において、変数iはいくつからいくつまで変化するか。,1から11,0から10,1から10,0から11,3,range(開始値、 終了値) は、開始値から始まり終了値を含まない範囲で変化するため、1から10まで変化します。,37 プログラミングの基本
180,配列の中に格納された一つひとつのデータを識別するために割り当てられる番号を何というか。,要素,変数,引数,添字（インデックス）,4,配列内の各データ（要素）の位置を指定するための番号を添字（インデックス）といい、通常は0から始まります。,38 配列
181,2次元配列「Zahyou」において、最初の添字「x」が一般的に表すものはどれか。,行（縦の並び）,列（横の並び）,要素の総数,配列の名前,1,2次元配列は表としてイメージでき、最初の添字が行（縦の並び）、2番目の添字が列（横の並び）を表すのが一般的です。,38 配列
182,関数を呼び出す際に、処理に必要な情報として関数に渡す値を何というか。,戻り値,引数（ひきすう）,ローカル変数,要素,2,関数に対して「このデータを使って処理をしてほしい」と渡す値のことを引数といいます。,39 関数
183,関数の処理が終わった後に、呼び出し元のプログラムに返される値を何というか。,引数,グローバル変数,戻り値（返り値）,添字,3,関数が計算や処理を行った結果として、呼び出し元に返すデータを戻り値（返り値）といいます。,39 関数
184,関数の中で定義され、その関数の内部でのみ有効な変数を何というか。,ローカル変数,グローバル変数,配列,定数,1,関数の中で作成された変数はローカル変数と呼ばれ、関数の外側からは参照することができません。,39 関数
185,プログラム全体で有効であり、関数の内側からも外側からもアクセスできる変数を何というか。,ローカル変数,グローバル変数,戻り値,引数,2,関数の外側で定義され、プログラムのどこからでも利用したり値を変更したりできる変数をグローバル変数といいます。,39 関数
186,配列などのデータ列の先頭から順番に目的の値を探していくアルゴリズムはどれか。,二分探索,線形探索,バブルソート,選択ソート,2,端から1つずつ、目的の値と一致するかどうかを確認していく最も基本的な探索方法です。,40 探索のプログラム
187,データ数が n 個のとき、線形探索において最も見つかるのが遅い場合の比較回数は何回か。,1回,n/2回,n回,log2(n)回,3,目的のデータが配列の最後にあった場合や、存在しなかった場合には、すべてのデータを確認するため n 回の比較が必要です。,40 探索のプログラム
188,二分探索（バイナリサーチ）を行うための必須条件はどれか。,データがすべて正の整数であること。,データが昇順または降順に整列されていること。,データの個数が偶数であること。,データに重複がないこと。,2,二分探索は大小関係を利用して探索範囲を半分に絞り込むため、あらかじめデータが整列（ソート）されている必要があります。,40 探索のプログラム
189,10個の整列されたデータから二分探索で目的の値を探すとき、最大でおよそ何回の比較が必要か。,10回,5回,4回,1回,3,1回の比較で範囲が半分になるため、2の4乗（16）以内の最大4回で必ず見つけ出すことができます。,40 探索のプログラム
190,隣り合うデータの大小を比較し、必要に応じて交換する操作を繰り返して整列するアルゴリズムはどれか。,選択ソート,挿入ソート,バブルソート（交換法）,二分探索,3,隣り合う要素を比較・交換していくことで、泡（バブル）が浮かび上がるようにデータを端に寄せていく整列方法です。,41 整列のプログラム
191,未整列のデータ全体から最小値を探し出し、整列済みの末尾の次の要素と交換する整列アルゴリズムはどれか。,選択ソート（選択法）,挿入ソート（挿入法）,バブルソート（交換法）,線形探索,1,データ全体から目的の値を選択し、決まった位置の要素と交換していく整列方法を選択ソートといいます。,41 整列のプログラム
192,未整列の先頭のデータを、すでに整列済みのデータ列の適切な位置に割り込ませていく整列アルゴリズムはどれか。,選択ソート,挿入ソート（挿入法）,バブルソート,クイックソート,2,整列済みの部分に対して、新しい要素を正しい位置に挿入していく整列方法を挿入ソートといいます。,41 整列のプログラム
193,基準値を一つ選び、それより小さいグループと大きいグループに分割する処理を繰り返して高速に整列するアルゴリズムはどれか。,バブルソート,選択ソート,挿入ソート,クイックソート,4,基準値（ピボット）を用いた分割と再帰呼び出しを利用して、計算量を少なく高速に整列を行うアルゴリズムです。,総合問題
194,クイックソートのように、関数の中で再び「自分自身の関数」を呼び出して処理を繰り返すことを何というか。,反復呼び出し,再帰呼び出し,値渡し,参照渡し,2,関数の中で自分自身を呼び出すことを再帰呼び出しといい、分割処理などを簡潔に記述できます。,総合問題
195,二つの変数aとbの値を入れ替える際、作業用変数tempを用いる正しい手順はどれか。,a = b、 b = a,temp = a、 a = b、 b = temp,a = temp、 temp = b、 b = a,temp = b、 b = temp、 a = b,2,aの値をそのままbに上書きするとaの値が消えてしまうため、作業用変数（temp）にaの値を一時保存してから交換します。,41 整列のプログラム
196,プログラミング（Pythonなど）において、変数に値を記憶させる「代入」を意味する記号はどれか。,==,=,<-,:,2,プログラミングにおける「=」は等号ではなく、右辺の式や値を左辺の変数に上書き記憶させる「代入」を意味します。,37 プログラミングの基本
197,Pythonのif文などで「左辺と右辺が等しい」という条件を判定するための比較演算子はどれか。,=,==,!=,>=,2,数学の「等しい」にあたる比較・判定を行うための演算子は「==」を使用します。,37 プログラミングの基本
198,論理演算「A and B」の結果が「真（True）」となるのはどのような場合か。,AとBのどちらか一方が真のとき。,AとBの両方が真のとき。,AとBの両方が偽のとき。,Aが偽のとき。,2,論理積（and）は、指定されたすべての条件が成り立っている（両方が真である）ときのみ全体が「真」となります。,37 プログラミングの基本
199,論理演算「A or B」の結果が「真（True）」となるのはどのような場合か。,AとBのどちらか一方が真のときのみ。,AとBの少なくとも一方が真のとき。,AとBの両方が真のときのみ。,AとBの両方が偽のとき。,2,論理和（or）は、指定された条件のうちどれか1つでも成り立っていれば（少なくとも一方が真であれば）全体が「真」となります。,37 プログラミングの基本
200,Pythonにおいて、配列（リスト）の末尾に新しい要素を追加するために使用するメソッドはどれか。,add(),insert(),append(),remove(),3,空の配列などにデータを追加していく際、「配列名.append(値)」と記述することで配列の最後に要素を追加できます。,38 配列
201,他人のIDやパスワードを不正に入力して、コンピュータを不正に利用できる状態にする行為を何というか。,なりすまし,フィッシング,コンピュータウイルス,スクレイピング,1,不正アクセス禁止法で禁止されている行為の一つで、他人の識別符号（IDやパスワード）を無断で用いることを「なりすまし」といいます。,03 法規による安全対策
202,個人を特定するための「基本四情報」に該当する項目の組み合わせとして最も適当なものはどれか。,氏名、住所、電話番号、メールアドレス,氏名、住所、生年月日、性別,氏名、生年月日、マイナンバー、性別,氏名、住所、血液型、生年月日,2,個人情報のうち、基本となる重要な情報として「氏名、住所、生年月日、性別」の4つを基本四情報と呼びます。,04 個人情報とその扱い
203,著作権法において、著作者の意図に反して作品を勝手に改変されない権利（同一性保持権）の例外として認められる可能性が高いのはどれか。,無料の画像素材を自分好みに大きく引き伸ばしてポスターに使う。,カラー写真を白黒印刷の新聞に載せるため、モノクロ2階調に変換する。,インターネットの画像を切り抜いて自分の店のメニュー表に使う。,他人の文章の語尾を自分が使いやすいように勝手に書き換える。,2,「著作物の性質並びにその利用の目的及び態様に照らしやむを得ないと認められる改変」については、同一性保持権の侵害にはならないとされています。,06 著作権
204,安全なパスワードの設定方法として最も適当なものを選びなさい。,複数のサービスで同じパスワードを使い回す。,忘れにくいように自分のペットの名前をそのまま設定する。,英大文字・小文字・数字・記号を混ぜて長い文字数にする。,辞書に載っている英単語をそのまま設定する。,3,推測されやすい名前や単語、短いパスワード、使い回しは危険です。複数の文字種を組み合わせた長いパスワードが安全とされています。,23 個人による安全対策
205,店舗に導入されているPOSシステムにおいて、商品に付けられたバーコードを読み取ることでシステムに入力される情報として適当なものはどれか。,客の性別,客の年齢層,商品の価格や商品名,当日の天候,3,商品に付けられたバーコードには、商品の価格や商品名などが登録されており、バーコードリーダで読み取って販売情報を集計します。,22 情報システム
206,TCP/IPの4階層モデルにおいて、送信先のIPアドレスをもとにデータの通信経路の選択（ルーティング）を行う層はどれか。,アプリケーション層,トランスポート層,インターネット層,ネットワークインタフェース層,3,インターネット層は、IPアドレスをもとにパケットを目的の宛先まで導く経路選択（ルーティング）を行います。,20 インターネットの仕組み
207,ドメイン名において、日本の組織であれば誰でも登録でき、日本語の文字も利用可能な「汎用JPドメイン」の例として適当なものはどれか。,example.co.jp,example.jp,example.com,example.net,2,「.jp」で終わるドメイン名のうち、組織区分（coやacなど）を持たず、より柔軟に登録できるものを汎用JPドメインといいます。,20 インターネットの仕組み
208,インターネットの普及によるIPアドレス枯渇問題に対応するために導入された「IPv6」は、何ビットのデータで表現されるか。,32ビット,64ビット,128ビット,256ビット,3,従来のIPv4が32ビット（約43億個）であったのに対し、IPv6は128ビットに拡張されており、実質的に無限のアドレスを割り当て可能です。,20 インターネットの仕組み
209,データベースの関係演算において、表の中から条件に合う特定の行（レコード）を取り出して表示する操作を何というか。,選択,射影,結合,集約,1,データベースにおいて、指定した条件に一致する行（レコード）を抽出する関係演算を「選択」といいます。,24 データベースの仕組み
210,データベースの関係演算において、複数の表を共通する項目（キー）で結び付けて一つの表にまとめる操作を何というか。,選択,射影,結合,抽出,3,別々の表にあるデータを、共通のフィールドを基準に結び付けて一つの表として表示する関係演算を「結合」といいます。,24 データベースの仕組み
211,時系列データの傾向を調べるため、細かい変動を取り除いて大まかな動きを明らかにする方法として「一定期間のデータの平均値」を求める手法を何というか。,最小二乗法,移動平均法,モンテカルロ法,線形探索法,2,一定の時間範囲の平均値をその範囲の代表値として計算し、それをずらしながらグラフ化していく手法を移動平均法といいます。,31 時系列分析と回帰分析
212,散布図に近似直線を引く際、各データと直線との差（残差）の二乗の合計が最も小さくなるような直線を求める方法を何というか。,最小二乗法,移動平均法,二分探索法,クロス集計,1,実測値のデータに最も近いモデル関数（回帰直線など）を求めるために、残差の二乗和を最小化する手法を最小二乗法といいます。,31 時系列分析と回帰分析
213,引くためのドアノブなど、人間がどのように操作すればよいかを視覚的・直感的に伝えるデザイン上のサインを何というか。,ピクトグラム,シグニファイア,インフォグラフィックス,プロトコル,2,対象物が持つ意味（アフォーダンス）を、操作の手がかりとして人にわかりやすく伝えるサインをシグニファイアといいます。,07 情報デザイン
214,非常口のマークのように、言葉の壁を越えて誰にでも直感的に意味が伝わるようにデザインされた視覚記号を何というか。,アイコン,ロゴマーク,ピクトグラム,バーコード,3,情報を抽象化し、単純な構図と明瞭な色で表された図記号（案内用図記号など）をピクトグラムといいます。,07 情報デザイン
215,Webページを記述するHTMLにおいて、文字コードやタイトルなど、画面には直接表示されない「ヘッダ情報」を記述するためのタグはどれか。,<body> ～ </body>,<head> ～ </head>,<h1> ～ </h1>,<a> ～ </a>,2,HTML文書の文字コードやタイトル、CSSの読み込み設定など、ブラウザに伝えるための情報は <head> タグ内に記述します。,09 Webページと情報デザイン
216,温度や時間のように、切れ目のない連続的な量としてそのまま表現されているデータを何データというか。,デジタルデータ,アナログデータ,バイナリデータ,離散データ,2,連続的に変化する量を、そのまま連続的な量として表現したものをアナログデータといいます。,10 デジタル情報の特徴
217,2進数の「01101101」と「00010011」を加算した結果として正しいものはどれか。,1111110,1111111,10000000,10000001,3,2進数で右端から足していくとすべて繰り上がりが生じ、最終的に「10000000」となります。,13 演算の仕組み
218,コンピュータで「0.1」のような無限に続く小数を扱う際、定められた有限の桁数に収めるために途中の桁で切り捨て等を行うことで生じる誤差はどれか。,桁落ち誤差,丸め誤差,情報落ち誤差,打切り誤差,2,表現できる桁数に制限があるため、最小の桁より下を四捨五入や切り捨てすることによって生じる誤差を丸め誤差といいます。,13 演算の仕組み
219,コンピュータの論理回路のうち、1桁の2進数同士の加算を行い、その「和」と「桁上がり」を出力する回路を何というか。,NOT回路,OR回路,半加算回路,フリップフロップ回路,3,下位からの桁上がりを考慮せずに2つの入力の加算を行う論理回路を半加算回路（ハーフアダー）といいます。,13 演算の仕組み
220,人間の可聴域の上限である約20000Hzの音をデジタル化して完全に元の波形に復元するためには、最低でも何Hzの標本化周波数が必要か。,20000Hz,40000Hz,44100Hz,80000Hz,2,標本化定理により、元のアナログ波形を再現するためには、含まれる最大周波数の「2倍より大きい」標本化周波数が必要です。,14 音の表現
221,画像のデジタル化において、1画素（ピクセル）あたりで表現できる色の細かさや明るさの段階数を何というか。,解像度,階調,サンプリング,ビットレート,2,色の濃淡や明暗を何段階で表現できるか（例：256階調など）を示す言葉を階調といいます。,15 画像の表現
222,画像データの圧縮形式のうち、人間の目の特性を利用してデータの一部を削ることで高い圧縮率を実現する非可逆圧縮の形式はどれか。,ZIP,PNG,JPEG,BMP,3,JPEGは写真などの保存によく用いられ、元のデータに完全には戻らない非可逆圧縮方式を採用しています。,18 データの圧縮と効率化
223,出現頻度の高いデータには短い符号を、低いデータには長い符号を割り当てることで、全体のデータ量を減らす圧縮方式はどれか。,ランレングス圧縮,ハフマン符号化,LZ圧縮,非可逆圧縮,2,データの出現頻度の偏りを利用して圧縮効率を高める、可逆圧縮の代表的な方式の一つがハフマン符号化です。,18 データの圧縮と効率化
224,データ通信において、誤りがないかを確認するために、送信データに含まれる「1」の個数が偶数か奇数かを表す1ビットの情報を付加する手法を何というか。,パリティチェック,デジタル署名,公開鍵暗号,チェックディジット,1,「1」の個数を数え、その偶奇を表すパリティビットを付与することで、通信中のビット反転などの誤りを検出する手法です。,26 安全のための情報技術
225,共通鍵暗号方式で、8人が互いに誰とでも暗号通信を行えるようにする場合、全体で何個の鍵が必要になるか。,8個,16個,28個,64個,3,共通鍵暗号方式では1対1の通信ごとに独自の鍵が必要です。8人の場合は 8×7÷2 = 28個 の鍵が必要になります。,26 安全のための情報技術
226,問題を解決するための「具体的な処理の手順や計算方法」のことを何というか。,プログラム,アルゴリズム,フローチャート,プロトコル,2,問題を解決するために「何を」「どのような順番で」「何に対して行うのか」を明確に記述した手順をアルゴリズムといいます。,36 アルゴリズムとプログラミング
227,Pythonコード「for i in range(1、 6、 1):」において、変数iはいくつからいくつまで変化するか。,1から6まで,0から5まで,1から5まで,0から6まで,3,range(開始値、 終了値、 増減値) は開始値から始まり終了値を含まない範囲で変化するため、1、2、3、4、5と変化します。,37 プログラミングの基本
228,Pythonにおいて、変数aが10、変数bが3のとき、「a % b」の演算結果はいくつになるか。,3,3.333,1,13,3,「%」は割り算の余りを求める演算子です。10を3で割った余りは1となります。,37 プログラミングの基本
229,変数waに初期値0が入っている。繰り返し処理の中で「wa = wa + a」を繰り返し実行した場合、変数waの役割として最も適当なものはどれか。,変数aの値を1ずつ増やす。,変数aの平均値を計算する。,これまでの変数aの値をすべて合計した値を記憶する。,ループの回数を数える。,3,右辺で現在のwaにaの値を足し、その結果を左辺のwaに上書き保存していくため、変数の合計値（累積和）を求める処理になります。,37 プログラミングの基本
230,配列（リスト）の中に格納されている一つひとつのデータを識別するために割り当てられる番号を何というか。,要素,引数,戻り値,添字（インデックス）,4,配列内の各データ（要素）の位置を指定するための番号を添字（インデックス）といい、通常は0から始まります。,38 配列
231,2次元配列「Zahyou［x］、［y］」において、最初の添字「x」が一般的に表すものはどれか。,行（縦の並び）,列（横の並び）,要素の総数,配列の名前,1,2次元配列は表としてイメージでき、最初の添字が行（縦の並び）、2番目の添字が列（横の並び）を表すのが一般的です。,38 配列
232,関数を呼び出す際に、処理に必要な情報として呼び出し元から関数に渡す値を何というか。,戻り値,引数（ひきすう）,ローカル変数,グローバル変数,2,関数に対して「このデータを使って処理をしてほしい」と渡す値のことを引数といいます。,39 関数
233,関数の処理が終わった後に、計算結果として呼び出し元のプログラムに返却される値を何というか。,引数,ローカル変数,戻り値（返り値）,添字,3,関数が計算や処理を行った結果として、呼び出し元に返すデータを戻り値（返り値）といいます。,39 関数
234,配列などのデータ列の先頭から順番に、目的の値と一致するかどうかを一つずつ確認していく探索アルゴリズムはどれか。,二分探索,線形探索,バブルソート,選択ソート,2,端から1つずつ、目的の値と一致するかどうかを確認していく最も基本的な探索方法を線形探索といいます。,40 探索のプログラム
235,データ数が n 個のとき、線形探索において最も見つかるのが遅い（最悪の）場合の比較回数は何回か。,1回,n / 2 回,n 回,log2(n) 回,3,目的のデータが配列の最後にあった場合や、存在しなかった場合には、すべてのデータを確認するため n 回の比較が必要です。,40 探索のプログラム
236,二分探索（バイナリサーチ）を行うための必須条件はどれか。,データがすべて正の整数であること。,データが昇順または降順に整列されていること。,データの個数が偶数であること。,データに重複がないこと。,2,二分探索は大小関係を利用して探索範囲を半分に絞り込むため、あらかじめデータが整列（ソート）されている必要があります。,40 探索のプログラム
237,昇順に整列されたデータ列から二分探索を行う際、探索値が中央値より小さい場合、次の探索範囲はどうなるか。,中央値から右側（大きい部分）,中央値から左側（小さい部分）,探索を終了する,全体をもう一度探索する,2,昇順（小さい順）に並んでいる場合、探索値が中央値より小さければ、目的の値は中央値の左側に存在することになります。,40 探索のプログラム
238,100個の整列されたデータから二分探索で目的の値を探すとき、最大でおよそ何回の比較が必要か。,7回,50回,100回,1回,1,二分探索は1回の比較で範囲が半分になるため、2の7乗（128）以内の最大7回で必ず見つけ出すことができます。,40 探索のプログラム
239,隣り合うデータの大小を比較し、必要に応じて交換する操作を繰り返して整列するアルゴリズムはどれか。,選択ソート,挿入ソート,バブルソート（交換法）,クイックソート,3,隣り合う要素を比較・交換していくことで、泡（バブル）が浮かび上がるようにデータを端に寄せていく整列方法です。,41 整列のプログラム
240,バブルソート（昇順）でデータを整列するとき、1周目の比較・交換が最後まで完了した時点で、必ず正しい位置に確定するデータはどれか。,最小値,中央値,最大値,ランダムな値,3,昇順の場合、1周目の操作が終わると、最も大きい値（最大値）が配列の最後尾に移動して位置が確定します。,41 整列のプログラム
241,未整列のデータ全体から最小値（または最大値）を探し出し、整列済みの末尾の次の要素と交換する整列アルゴリズムはどれか。,選択ソート（選択法）,挿入ソート（挿入法）,バブルソート（交換法）,線形探索,1,データ全体から目的の値を選択し、決まった位置の要素と交換していく整列方法を選択ソートといいます。,41 整列のプログラム
242,未整列の先頭にあるデータを、すでに整列済みのデータ列の適切な位置に割り込ませていく整列アルゴリズムはどれか。,選択ソート,挿入ソート（挿入法）,バブルソート,クイックソート,2,整列済みの部分に対して、新しい要素を正しい大小関係の位置に挿入していく整列方法を挿入ソートといいます。,41 整列のプログラム
243,基準値を一つ選び、それより小さいグループと大きいグループに分割する処理を繰り返して高速に整列するアルゴリズムはどれか。,バブルソート,選択ソート,挿入ソート,クイックソート,4,基準値（ピボット）を用いた分割と、関数が自分自身を呼び出す再帰呼び出しを利用して高速に整列を行うアルゴリズムです。,総合問題
244,乱数を用いて、不確定な要素を含む現象を確率的な考え方でモデル化し、円周率の近似値や面積などを求めるシミュレーション手法を何というか。,モンテカルロ法,最小二乗法,移動平均法,二分探索法,1,大量の乱数を用いて確率的に近似解を求める手法をモンテカルロ法と呼びます。,29 モデル化とシミュレーション
245,サイコロの出目の確率やモンテカルロ法などのシミュレーションにおいて、試行回数（乱数の発生回数）を非常に大きく増やすと結果はどうなるか。,結果のばらつきが大きくなる。,理論値（真の値）に近づき、ばらつきが小さくなる。,必ず理論値と完全に一致する。,結果は試行回数に関係なく変わらない。,2,大数の法則により、試行回数を増やすほどシミュレーション結果のばらつきは小さくなり、確率的な理論値に近づいていきます。,29 モデル化とシミュレーション
246,自動販売機の動作などを表現する際、現在の状況を丸で表し、硬貨の投入などの出来事による状況の変化を矢印で結んで図解したものを何というか。,フローチャート,状態遷移図,クラス図,散布図,2,システムの状態と、入力やイベントに伴う状態の変化（遷移）を図に表したものを状態遷移図といいます。,43 プログラムの設計手法
247,アルゴリズムを図解するフローチャートにおいて、「もし〜ならば」という条件による分岐（判断）を表すために用いられる図記号の形はどれか。,長方形,ひし形,平行四辺形,角丸長方形,2,フローチャートにおいて、ひし形は条件分岐を、長方形は処理を、角丸長方形は開始・終了を表します。,43 プログラムの設計手法
248,オブジェクト指向プログラミングにおいて、関連するデータ（プロパティ）とそれに対する操作（メソッド）を一つにまとめた「設計図」のようなものを何というか。,クラス,モジュール,配列,関数,1,データと操作をまとめて定義したものをクラスといい、クラスから生成された実体をオブジェクト（インスタンス）といいます。,42 オブジェクト指向プログラミング
249,表計算ソフトウェアなどで広く使われ、オープンデータとしても提供される、データをカンマ（、）で区切って保存するテキストファイルの形式はどれか。,PDF,CSV,XML,HTML,2,CSV（Comma Separated Values）は、データをカンマで区切ったテキスト形式で、様々なソフトで読み込める互換性の高い形式です。,オープンデータの活用
250,問題解決のために、現実の複雑な事象から本質的な部分だけを残して単純化・抽象化することを何というか。,シミュレーション,モデル化,プログラミング,デバッグ,2,不要な要素を省き、重要な要素間の関係性を数式や図などで表すことをモデル化といいます。,33 モデル化とシミュレーション